Age;Email;Location;Name;Pwd;User-ID;Friends
;inesalmeida889@gmail.com;nyc, new york, usa;Ines Almeida;979&0F6$99;1;[2, 194, 517, 119, 58]
18.0;iagg1946@gmail.com;stockton, california, usa;Ishant Aggarwal;x0xeX@nuW;2;[546, 1, 90, 192, 572]
;ishant.aggarwal@gmail.com, yukon territory, russia;Ish;Tb$yDtfz^q$;3;[288, 154, 366, 463, 509]
17.0;Bakula10@finance.org;porto, v.n.gaia, portugal;Bakula Sarna;4%3912&8622$;4;[320, 327, 121, 28, 298]
;Dayanand05@yandex.co;farnborough, hants, united kingdom;Dayanand Narasimhan;95D7@&E50J@;5;[454, 424, 350, 320, 87]
61.0;Kajal2006@company.de;santa monica, california, usa;Kajal Bhavsar;MSmA&4x&3z@;6;[371, 320, 331, 365, 280]
;Lallida1986@finance.biz;washington, dc, usa;Lallida Manda;46K8%7I7@8;7;[230, 235, 353, 106, 233]
;Adhik20@yahoo.ngo;timmins, ontario, canada;Adhik Chana;hHOcd@PuU;8;[354, 73, 240, 5, 459]
;Brinda71@hotmail.me;germantown, tennessee, usa;Brinda Mander;mSFDUx@oo;9;[395, 588, 181, 504, 551]
26.0;Djagarajen1970@finance.xyz;albacete, wisconsin, spain;Djagarajen Agarwal;1SzOO7t^W;10;[252, 76, 595, 527, 200]
14.0;Abha1986@finance.zero;melbourne, victoria, australia;Abha Soni;7h^19a10u;11;[325, 128, 426, 20, 595]
;Pall10@corporation.site;fort bragg, california, usa;Dhaval Pall;!4#6659572;12;[273, 85, 168, 159, 7]
26.0;Brahma2006@institute.us;barcelona, barcelona, spain;Brahma Char;!39*2779290;13;[5, 142, 502, 587, 465]
;Laxmi1993@nexus.com;mediapolis, iowa, usa;Laxmi Mutti;!e3&840811!;14;[125, 118, 307, 316, 90]
;Nikhil1976@omega.jp;calgary, alberta, canada;Nikhil Borde;VX#6023$g%r;15;[455, 83, 496, 510, 300]
;Gayatri92@finance.dev;albuquerque, new mexico, usa;Gayatri Kala;8832^2546;16;[136, 187, 59, 590, 6]
;Mohinder2007@yahoo.de;chesapeake, virginia, usa;Mohinder Mehra;#0%128@87164;17;[335, 74, 234, 495, 413]
25.0;Manju1971@hotmail.in;rio de janeiro, rio de janeiro, brazil;Manju Narain;05RQm6!C@Q;18;[435, 230, 481, 165, 451]
14.0;Bhagat27@hotmail.us;weston, ,;Mayur Bhagat;rod83^gS9;19;[158, 563, 531, 246, 502]
19.0;Karnik09@company.ngo;langhorne, pennsylvania, usa;Ashok Karnik;1299C^629!;20;[146, 295, 507, 581, 55]
46.0;Nithya95@community.dev;ferrol / spain, alabama, spain;Nithya Nath;lXWy4$%pL9;21;[54, 118, 175, 153, 80]
;Dixit12@hotmail.co;erfurt, thueringen, germany;Abhay Dixit;1*1U4E831;22;[19, 243, 142, 324, 522]
;Murali81@company.co;philadelphia, pennsylvania, usa;Murali Bhasin;18762@1602;23;[215, 517, 314, 313, 183]
19.0;Amrit97@corporation.site;cologne, nrw, germany;Amrit Srivastava;83#y$yuW6A%;24;[46, 538, 395, 27, 567]
55.0;Dyal31@community.au;oakland, california, usa;Manjusha Dyal;261#81305;25;[422, 214, 192, 209, 247]
;Narayanin2003@express.me;bellevue, washington, usa;Narayanin DÃ¢â¬â¢Alia;F8220#s@5%7;26;[269, 170, 567, 216, 317]
32.0;Adhita07@yahoo.uk;chicago, illinois, usa;Adhita Anne;65P30#816@;27;[180, 248, 343, 421, 475]
24.0;Kartikeya1994@yahoo.au;freiburg, baden-wuerttemberg, germany;Kartikeya Wali;7X70O5@92;28;[383, 575, 231, 168, 255]
19.0;Madhava1970@finance.me;cuernavaca, alabama, mexico;Madhava Bhargava;W&^x@8hBnf3;29;[263, 44, 500, 9, 214]
24.0;Mohinder98@community.xyz;anchorage, alaska, usa;Mohinder Soman;6293259$87;30;[178, 199, 55, 437, 246]
20.0;Mukesh95@corporation.com;shanghai, n/a, china;Mukesh Loyal;53@!t43e9^i;31;[510, 81, 392, 59, 3]
;Dourgavati12@company.dev;portland, oregon, usa;Dourgavati Natt;3t*IEKuy5;32;[371, 62, 154, 172, 177]
34.0;Damayandi1980@yandex.ngo;costa mesa, california, usa;Damayandi Mody;OH51!s$9*53;33;[353, 472, 380, 335, 91]
;Mala1987@hotmail.dev;london, england, united kingdom;Mala Edwin;355%v5208;34;[54, 121, 123, 378, 497]
17.0;Kaveri1999@express.org;grafton, wisconsin, usa;Kaveri Sekhon;^568$y9&455;35;[401, 187, 93, 476, 12]
24.0;Ishvara95@yahoo.site;montreal, quebec, canada;Ishvara Wason;RZOEw^KSc;36;[141, 364, 581, 26, 72]
23.0;Amit72@hotmail.us;san sebastian, n/a, spain;Amit Gaba;!9H&2c763R;37;[84, 59, 31, 169, 425]
34.0;Kalinda14@online.edu;viterbo, lazio, italy;Kalinda Dewan;dztrw@48v;38;[247, 88, 385, 386, 369]
;Jayant08@online.tech;cary, north carolina, usa;Jayant Sastry;014n@#B4@Df;39;[303, 495, 184, 419, 536]
32.0;Vasa11@online.biz;tonawanda, new york, usa;Kama Vasa;7MlSMf9#L;40;[575, 476, 510, 85, 327]
14.0;Narendra2020@gmail.ngo;santee, california, usa;Narendra Keer;kDme%*gzn$J;41;[570, 197, 582, 333, 237]
17.0;Naik07@company.au;appleton, wisconsin, usa;Kamini Naik;0#69*0d78z;42;[428, 436, 596, 595, 536]
;Laxmi1993@gmail.de;mÃ©xico, mÃ©xico city, distrito federal;Laxmi Ratti;8O68023!i%;43;[380, 310, 115, 305, 342]
51.0;Chiranjivi1988@online.me;black mountain, north carolina, usa;Chiranjivi Bawa;8Rv66F!50;44;[23, 84, 124, 54, 24]
;Jyotsna06@hotmail.com;berlin, n/a, germany;Jyotsna Lad;AZsuwq*Xn;45;[435, 254, 327, 144, 486]
31.0;Kanaman2005@nexus.jp;heidelberg, baden-wuerttemberg, germany;Kanaman Kaul;8%5747159#;46;[431, 165, 34, 465, 570]
21.0;Bakshi23@nexus.edu;vicenza, veneto, italy;Amala Bakshi;vbt#u9V^8g#;47;[541, 277, 268, 501, 472]
;Chiranjeevi03@nexus.com;chicago, illinois, usa;Chiranjeevi Walia;%!052^57031;48;[53, 349, 75, 195, 94]
;Morar24@express.me;rome, rome, italy;Indra Morar;8229!17%7@57;49;[273, 195, 81, 369, 32]
17.0;Anandi1974@corporation.jp;london, england, united kingdom;Anandi Murthy;3!847#0wN^N;50;[183, 91, 78, 303, 443]
34.0;Nigam30@finance.xyz;renton, washington, usa;Lochan Nigam;5@T9$J1sCB!;51;[365, 523, 130, 513, 249]
;Deep14@gmail.site;braunschweig, niedersachsen, germany;Diti Deep;9F7G0Q%87;52;[484, 338, 454, 269, 498]
;Bhatt03@express.uk;tacoma, washington, usa;Nitika Bhatt;1994811#6*;53;[595, 136, 62, 2, 254]
44.0;Kapoor14@omega.edu;eubank, kentucky, usa;Arun Kapoor;971$70!3&I9;54;[531, 365, 487, 547, 6]
;Dipak1971@finance.zero;calgary, alberta, canada;Dipak Doshi;ap3NoQr*1;55;[233, 87, 237, 321, 280]
24.0;Carma81@hotmail.edu;cheyenne, wyoming, usa;Carma Dixit;44%@95!69831;56;[84, 401, 96, 571, 125]
;Sidhu20@hotmail.us;roma, lazio, italy;Kanta Sidhu;LMaHeE*!13$;57;[322, 593, 238, 204, 341]
;Mridula95@corporation.me;edmonton, alberta, canada;Mridula Sant;0%#B326682;58;[484, 366, 27, 169, 350]
23.0;Jyotsna1991@express.au;asheville, north carolina, usa;Jyotsna Sen;@Rvv04p^q4;59;[73, 526, 459, 538, 534]
;Luthra30@online.dev;trieste, friuli venezia giulia, italy;Carliaye Luthra;&3C$x3$I94K;60;[193, 559, 427, 117, 534]
30.0;Mohandas2018@yahoo.tech;winfield, alabama, usa;Mohandas Divan;ua4!60862;61;[466, 589, 310, 575, 118]
;Harishankar23@company.dev;kennewick, washington, usa;Harishankar Bajwa;27744!4Hn;62;[490, 19, 356, 449, 495]
57.0;Kesaven1986@nexus.zero;nyack, new york, usa;Kesaven Chaudhari;nlYdb&q$FZ;63;[217, 141, 474, 158, 111]
32.0;Chandrakanta1990@institute.in;lyon, rhone, france;Chandrakanta Bhasin;tT5c!wR1S!;64;[136, 269, 236, 268, 362]
;Goda01@community.uk;n/a, n/a, australia;Keya Goda;799%079B7;65;[302, 536, 125, 286, 586]
30.0;Gautama2002@hotmail.tech;warman, saskatchewan, canada;Gautama Gokhale;KV#SXjuL$%r;66;[287, 114, 289, 165, 250]
43.0;Varty08@yahoo.zero;framingham, massachusetts, usa;Nila Varty;$2106*334!63;67;[326, 79, 271, 363, 352]
;Dada28@omega.xyz;montreal, quebec, canada;Krishna Dada;a2%Sy58Il&;68;[295, 509, 513, 56, 599]
;Gopalkrishna1970@company.co;vancouver, british columbia, canada;Gopalkrishna Sharaf;27*d80674&&;69;[369, 357, 231, 301, 291]
44.0;Gopinath92@community.in;rochester, new york, usa;Gopinath Trivedi;2J0&0m#^DAW;70;[501, 33, 6, 460, 363]
24.0;Nagarajan31@yahoo.ngo;toronto, ontario, canada;Kailash Nagarajan;Nh03$50%P6;71;[5, 240, 252, 462, 398]
34.0;Sampath31@company.org;gloucester, england, united kingdom;Kanilja Sampath;^483ll4KW&;72;[303, 452, 93, 214, 121]
;Moryl70@company.jp;wentzville, missouri, usa;Moryl Amble;96a8^47#1b#;73;[87, 82, 533, 237, 161]
30.0;Kailash2023@yandex.site;amsterdam, n/a, netherlands;Kailash Walla;!k2OK6n5M;74;[45, 407, 386, 134, 155]
37.0;Lallida16@yahoo.me;long beach, california, usa;Lallida Sha;3m26P@t!e3@;75;[512, 13, 419, 489, 253]
;Chaudhuri11@nexus.de;charleston, south carolina, usa;Aravind Chaudhuri;u1&u2@H^05Q;76;[3, 511, 546, 565, 194]
;Kirti2022@yahoo.org;vancouver, british columbia, canada;Kirti Choudhury;77OT%6n*I6;77;[506, 253, 92, 316, 536]
18.0;Narayan16@online.edu;oakland, california, usa;Djeyam Narayan;8qr!225Vk;78;[482, 254, 179, 39, 302]
20.0;Nisha14@hotmail.edu;ottawa, ontario, canada;Nisha Chowdhury;^58r7!1461;79;[495, 236, 302, 487, 484]
;Virk21@finance.au;etobicoke, ontario, canada;Nithya Virk;K&*02082I8;80;[36, 149, 481, 309, 409]
;Bhavana70@omega.biz;santa cruz, california, usa;Bhavana Ahluwalia;1@18385f9;81;[37, 553, 345, 78, 174]
;Arjun2023@corporation.com;del mar, california, usa;Arjun Varughese;4780@784@11;82;[534, 250, 198, 249, 405]
;Kavi19@gmail.ngo;eugene, oregon, usa;Kavi Khosla;oUd7w%iGe;83;[57, 255, 321, 47, 134]
;Lala01@company.zero;san diago, california, usa;Dipa Lala;O8S^!wi*419;84;[539, 502, 72, 52, 310]
41.0;Ashok1981@hotmail.in;london, england, united kingdom;Ashok Dyal;6%1dr6P0w;85;[584, 128, 53, 377, 183]
;Ã¯Â»Â¿firstname1992@omega.uk;los angeles, california, usa;Ã¯Â»Â¿firstname Pandey;iB!jhxKm&@v;86;[376, 4, 91, 68, 480]
;Suri05@community.tech;richardson, texas, usa;Dipaka Suri;67k256!eo;87;[2, 438, 153, 73, 184]
;Harish2007@gmail.biz;fayetteville, georgia, usa;Harish Swaminathan;7T4o7&#mq4#;88;[420, 207, 419, 267, 237]
54.0;Aravinda76@corporation.co;plano, texas, usa;Aravinda Kaul;i3ku*5^28T;89;[466, 508, 105, 270, 371]
42.0;Kesaven2014@online.edu;powhatan, virginia, usa;Kesaven Bhatia;8a272^s40#;90;[61, 503, 336, 119, 483]
;Ninad2007@institute.co;toronto/newmarket, ,;Ninad Wagle;4j0!5@x5AA^;91;[406, 110, 295, 84, 284]
20.0;Jhaveri22@gmail.site;castellar del valles, barcelona, spain;Devadas Jhaveri;@0L6V%5VCH%;92;[197, 474, 18, 165, 304]
50.0;Ramanathan14@institute.com;eden, wisconsin, usa;Anima Ramanathan;04%7$K5B89;93;[253, 440, 23, 218, 100]
39.0;Navin2019@yandex.co;tehran, tehran, iraq;Navin Saran;40472%090;94;[231, 589, 532, 311, 455]
;Kalyan21@yandex.xyz;grand island, new york, usa;Kalyan Ghosh;882iY&876;95;[237, 45, 67, 500, 131]
;Ganesha2002@yahoo.us;helsinki, alaska, finland;Ganesha Nagi;G*@07u8!953;96;[115, 408, 249, 219, 369]
;Kistna2005@yandex.uk;mechanicsburg, pennsylvania, usa;Kistna Sachar;T148iR0!i;97;[302, 214, 504, 134, 522]
19.0;Doshi09@gmail.tech;pukekohe, auckland, new zealand;Hemachandra Doshi;bSM96@8rx;98;[507, 595, 258, 248, 197]
42.0;Diti72@hotmail.ngo;franktown, colorado, usa;Diti Gokhale;96877q#Z4;99;[438, 200, 109, 593, 486]
44.0;Lochan89@corporation.org;madrid, n/a, spain;Lochan Mahajan;slM#bH%h1^C;100;[23, 154, 125, 443, 326]
26.0;Bobal25@community.dev;nagpur, idaho, india;Dilip Bobal;6748*19W3#@;101;[360, 369, 246, 55, 35]
;Maya89@omega.tech;barcelona, n/a, spain;Maya Jha;@qwS9yL3n;102;[311, 520, 292, 112, 297]
53.0;Chandan2021@omega.me;litchfield park, arizona, usa;Chandan Dugal;3^1646144%;103;[505, 336, 390, 116, 11]
47.0;Brahma2014@company.jp;foxboro, massachusetts, usa;Brahma Gopal;I6!#ImNt5D;104;[320, 154, 592, 217, 44]
36.0;Nilima2021@yandex.org;hull, england, united kingdom;Nilima Mannan;MYx$Hhzo2;105;[505, 116, 333, 465, 166]
;Archana2004@yandex.org;rome, georgia, usa;Archana Kara;GH#6PB#83#c;106;[209, 428, 229, 321, 461]
;Datta08@company.zero;lethbridge, alberta, canada;Kunti Datta;2&g114*q04%;107;[345, 186, 351, 558, 559]
;Jaswinder23@online.in;claremore, oklahoma, usa;Jaswinder Minhas;J#^k2$5R93k;108;[175, 69, 100, 199, 130]
20.0;Buddha98@omega.in;muncie, indiana, usa;Buddha Kala;05Qd%N944;109;[122, 353, 352, 33, 225]
;Patel13@yahoo.dev;peoira, illinois, usa;Aditi Patel;lo9ND!N@!28;110;[533, 388, 43, 168, 474]
25.0;Nandini19@community.com;avintes, v.n. gaia, portugal;Nandini Oommen;8a#$9$46g7u;111;[473, 272, 359, 277, 596]
32.0;Tank29@corporation.jp;mexico city, d.f., mexico;Kichenin Tank;X4ju7j#16;112;[528, 353, 255, 402, 306]
;Indu90@community.de;san francisco, california, usa;Indu Mehta;71MI7*^%b71;113;[18, 424, 380, 103, 226]
57.0;Chopra24@online.jp;ligonier, pennsylvania, usa;Djayssen Chopra;*v9528Q97;114;[376, 293, 483, 63, 462]
;Adhik14@online.zero;canton, ohio, usa;Adhik Kala;11kv#q0A&A@;115;[415, 454, 275, 427, 83]
;Dipak2007@omega.com;burien, washington, usa;Dipak Hayre;$%2692$S2o4;116;[242, 272, 128, 415, 149]
57.0;Kishori2004@omega.au;ann arbor, michigan, usa;Kishori Guha;3Y41^2440;117;[192, 37, 53, 45, 430]
28.0;Krishnaraja11@hotmail.in;kronberg, hessen, ghana;Krishnaraja Nagarajan;6706960^4;118;[452, 67, 246, 590, 173]
35.0;Gita87@yahoo.uk;huntington, vermont, usa;Gita Sarkar;x2w&T5C03;119;[286, 414, 289, 500, 228]
13.0;Krishna21@omega.site;villeneuve d`ascq, nord, france;Krishna Konda;m^qe87M29;120;[122, 170, 547, 378, 199]
;Anjali1998@omega.de;rochester, minnesota, usa;Anjali Munshi;35168T%73&;121;[348, 50, 162, 362, 567]
;Raman24@hotmail.in;charlotte, north carolina, usa;Lutchmayah Raman;QMI85%Wj%u;122;[206, 330, 515, 531, 85]
24.0;Gopal2008@online.jp;ann arbor, michigan, usa;Gopal Purohit;7$&Qe5Pk6A;123;[430, 157, 159, 348, 321]
58.0;Naveen85@finance.org;papillion, nebraska, usa;Naveen Roy;uWe%UaNZw$;124;[367, 465, 96, 65, 542]
49.0;Kumar25@online.org;lansing, michigan, usa;Candravali Kumar;n450Y9%1#&p;125;[205, 422, 380, 102, 166]
24.0;Ishvara2016@gmail.dev;eindhoven, noord-brabant, netherlands;Ishvara Parekh;811$42%35^4;126;[334, 365, 581, 492, 204]
28.0;Ranganathan09@community.biz;geneva, ge, switzerland;Damayanti Ranganathan;*47c5Ex0C;127;[518, 332, 316, 537, 421]
;Sehgal05@omega.edu;allison park, pennsylvania, usa;Duleep Sehgal;!19765292&%;128;[100, 319, 1, 478, 457]
47.0;Nithya1971@company.in;bloomington, minnesota, usa;Nithya Kale;fj83as^^f!m;129;[561, 57, 169, 587, 527]
;Lakshmana1981@nexus.xyz;roma, lazio, italy;Lakshmana Pall;%M8&PNv134#;130;[594, 8, 198, 237, 164]
;Brijesha05@nexus.uk;chapel hill, north carolina, usa;Brijesha Prashad;7l0047#0M;131;[138, 253, 405, 28, 47]
38.0;Seth17@gmail.tech;silver spring, maryland, usa;Kichenin Seth;#@$37406530;132;[542, 88, 357, 205, 500]
45.0;Akhil2003@company.au;jacksonville, florida, usa;Akhil Dubey;1Uq&@28893&;133;[357, 147, 585, 349, 545]
;Kumar1986@gmail.edu;canberra, australian capital territory, australia;Kumar Sinha;6M5999#39;134;[199, 212, 405, 282, 361]
;Bhatt08@finance.au;berkshire, new york, usa;Ilango Bhatt;626!94851*;135;[206, 316, 183, 122, 540]
;Anjali2005@nexus.dev;sacramento, california, usa;Anjali Naidu;*%7T2Ay@11I;136;[387, 259, 391, 495, 466]
;Bobal23@online.jp;vancouver, british columbia, canada;Damodar Bobal;3%#68*41797;137;[587, 160, 521, 100, 431]
28.0;Kadivel2020@online.jp;santa, california, usa;Kadivel Lad;!K8B57D#Q@6;138;[442, 62, 231, 554, 20]
35.0;Hegde05@finance.edu;baltimore, maryland, usa;Esha Hegde;9162t6A$5;139;[458, 15, 325, 41, 415]
24.0;Nagendra2007@finance.jp;kappelrodeck, baden-wuerttemberg, germany;Nagendra Goda;84&716098*;140;[276, 583, 447, 87, 503]
;Jeetendra2003@corporation.dev;darien, new york, usa;Jeetendra Kala;@72G0379@5;141;[234, 96, 496, 126, 199]
;Jaywant1971@company.com;derby, kansas, usa;Jaywant Kothari;7S0s8&4i6@#;142;[5, 254, 315, 351, 308]
;Jaswinder1998@corporation.me;derby, kansas, usa;Jaswinder Chandran;lCJ6E%^iv*r;142;[332, 106, 26, 502, 150]
26.0;Madhavi2001@finance.edu;san francisco, california, usa;Madhavi Anand;!605K%02@02;143;[137, 301, 339, 186, 238]
62.0;Sinha13@company.jp;cape girardeau, missouri, usa;Lochan Sinha;56H&5q0J@9;144;[391, 37, 270, 269, 108]
;Issac20@institute.in;inverness, scotland, united kingdom;Adita Issac;F04%LB^4b@6;145;[378, 575, 341, 541, 45]
;Chitra98@company.co;la, california, usa;Chitra Pradhan;2t%9%7@543A;146;[236, 134, 154, 40, 287]
;Damodara2008@nexus.xyz;west haverstraw, new york, usa;Damodara Lala;fNh#4HXDK#$;147;[440, 270, 275, 288, 544]
63.0;Kausalya1996@express.ngo;essex, england, united kingdom;Kausalya Sabharwal;@2I&42VU5R;148;[344, 573, 462, 410, 219]
;Anish1998@corporation.com;ljubljana, n/a, slovenia;Anish Naik;2$48885332;149;[153, 417, 66, 28, 177]
25.0;Dev15@yahoo.site;mashhad, islam, iran;Dev Lall;3Lf^Ga@z3t;150;[547, 240, 286, 82, 511]
;Sarraf05@finance.edu;darwin, northern territory, australia;Drupada Sarraf;33M*380!21;151;[571, 361, 589, 584, 467]
26.0;Kari19@finance.uk;enschede, overijssel, netherlands;Nil Kari;39^XI@q25A;152;[92, 265, 36, 537, 300]
24.0;Gayatri98@express.zero;lille, nord of france, france;Gayatri Subramanian;5!12v^HY@b7;153;[16, 109, 131, 253, 407]
;Madhavi89@gmail.ngo;saskatoon, saskatchewan, canada;Madhavi Khatri;71586@6351;154;[531, 129, 152, 336, 500]
;Isha1995@community.us;lion, abruzzo, peru;Isha Kashyap;142o79&75;155;[109, 545, 63, 265, 338]
20.0;Bhaskara1984@gmail.me;sarajevo, n/a, bosnia and herzegovina;Bhaskara Srinivas;00712&9211;156;[35, 130, 516, 71, 148]
36.0;Chatterjee03@online.de;legnano, lombardia, italy;Moryl Chatterjee;G6#vQ8#2N8;157;[512, 541, 76, 258, 507]
38.0;Tella09@hotmail.uk;nufringen, baden-wuerttemberg, germany;Manjusha Tella;A^ICIo$M6%2;158;[87, 114, 163, 235, 393]
;Koumari72@online.co;plymouth, minnesota, usa;Koumari Bahl;UOVAYs!6A;159;[320, 516, 497, 407, 463]
20.0;Chandan2003@community.edu;almada, n/a, portugal;Chandan Kota;41789527$;160;[85, 47, 191, 124, 418]
27.0;Sarma15@yandex.biz;lisboa, lisboa, portugal;Lal Sarma;!4179N995;161;[480, 550, 432, 308, 367]
;Abhay1972@gmail.com;newark, delaware, usa;Abhay Dixit;8D8MyQ#7G;162;[557, 570, 5, 324, 347]
;Arjuna88@community.xyz;carlsbad, california, vietnam;Arjuna Tata;9XE*3862%v;163;[211, 556, 367, 400, 270]
33.0;Damodara84@institute.co;tuxtla gutierrez, chiapas, mexico;Damodara Jani;Nl!EgN9os;164;[156, 6, 253, 187, 453]
62.0;Mohandas85@gmail.org;olympia, washington, usa;Mohandas Anne;I650$B216;165;[212, 348, 60, 44, 568]
20.0;Kama2001@hotmail.de;bacchus marsh, victoria, australia;Kama Bhatti;^nIgR&mH*VZ;166;[191, 67, 60, 171, 454]
;Chanemougam92@online.org;helena, montana, usa;Chanemougam Wali;782$^9682@6;167;[169, 101, 111, 422, 23]
44.0;Nirav73@yahoo.tech;sunnyvale, california, usa;Nirav Ramachandran;9#01487#855#;168;[589, 258, 366, 518, 198]
;Bhardwaj04@institute.in;arlington, virginia, usa;Lajili Bhardwaj;zAQVJd$Ja%;169;[65, 134, 371, 40, 104]
;Prashad16@gmail.com;roswell, georgia, usa;Amala Prashad;!3m17436W$&;170;[243, 339, 553, 563, 372]
29.0;Jitinder09@omega.site;itaÃ­, sÃ£o paulo, brazil;Jitinder Pandya;y55819^8*@0;171;[576, 533, 112, 430, 38]
66.0;Kanda-Koumarane11@hotmail.de;rio de janeiro, rio de janeiro, brazil;Kanda-Koumarane Kumar;1*91130481;172;[539, 30, 567, 355, 233]
;Gowri80@yandex.site;ames, iowa, usa;Gowri Jha;D01#2n!$285;173;[591, 12, 310, 48, 336]
31.0;Aurora02@nexus.org;kandy, central, sri lanka;Aparajita Aurora;8370*2^58d^;174;[120, 379, 121, 396, 451]
;Kishen85@gmail.au;porto, n/a, portugal;Kishen Salvi;9jl3#3yV8;175;[294, 545, 389, 529, 479]
34.0;Jaya1993@hotmail.org;london, london, united kingdom;Jaya Varma;18$8877895;176;[259, 19, 565, 16, 307]
46.0;Saha19@express.us;amsterdam, n/a, netherlands;Brijesha Saha;@6K1475r%4;177;[330, 474, 310, 572, 113]
28.0;Nala1975@express.me;rexford, new york, usa;Nala Dubey;y2617!UsL;178;[448, 419, 379, 566, 51]
;Dipaka2014@institute.zero;wazirabad, punjab, pakistan;Dipaka Agate;0gU@53304;179;[48, 35, 328, 412, 260]
;Devika91@online.org;copenhagen n, n/a, denmark;Devika Mahal;Y195U3#Nf&;180;[580, 367, 537, 112, 296]
;Ankita2020@yahoo.in;karachi, sindh, pakistan;Ankita Agarwal;17#@46c%2wx;181;[298, 230, 394, 308, 456]
36.0;Harish84@finance.com;buitenpost, fryslÃ¢n, netherlands;Harish Lall;0&v01230Y;182;[30, 541, 272, 35, 100]
27.0;Nilima18@corporation.ngo;porto, porto, portugal;Nilima Chakraborty;V5Dw1@Tn8;183;[544, 208, 253, 349, 374]
;Adita15@corporation.jp;seattle, washington, usa;Adita Gera;1#!H20107!1;184;[433, 504, 420, 117, 331]
17.0;Ishwari02@corporation.biz;baton rouge, louisiana, usa;Ishwari Mehra;10566K35@;185;[525, 114, 48, 17, 47]
;Gayatri83@corporation.jp;jacksonville, north carolina, usa;Gayatri Dyal;9PPu7n9*#4;186;[542, 327, 409, 461, 150]
29.0;Moryl1999@yandex.au;mcas futenma fpo ap okinawa, n/a, usa;Moryl Singh;7u8*div9!T%;187;[531, 321, 113, 259, 1]
17.0;Narayan2016@omega.edu;portland, oregon, usa;Narayan Bansal;@hcJ18#409;188;[354, 578, 146, 419, 228]
31.0;Rai18@gmail.co;blankenberge, n/a, belgium;Chander Rai;361*44&0416;189;[371, 175, 594, 342, 91]
33.0;Chada24@omega.zero;wezembeek-oppem, brussels, belgium;Anupama Chada;WGcN%ha@TJ;190;[59, 279, 333, 584, 53]
40.0;Shukla30@nexus.com;berlin, berlin, germany;Kshitij Shukla;y$814574n;191;[411, 556, 144, 15, 475]
;Maninder2013@company.edu;sunnyvale, california, usa;Maninder Krish;otgD!hK4^x;192;[326, 598, 157, 497, 583]
23.0;Deepti22@yahoo.au;mumbai, maharashtra, india;Deepti Dugal;uHxSy*DP#l^;193;[289, 376, 87, 151, 351]
;Chandra-Kanta18@community.me;lake forest, illinois, usa;Chandra-Kanta Nigam;04r^972i7;194;[42, 248, 55, 21, 472]
23.0;Ganesh01@gmail.site;chandler, arizona, usa;Akhil Ganesh;*i^8$qKvn26;195;[549, 135, 504, 110, 350]
33.0;Aravinda83@company.us;subang jaya, selangor darul ehsan, malaysia;Aravinda Devi;eU4o&bYlB;196;[395, 401, 586, 121, 442]
;Devaraja93@corporation.edu;brantford, ontario, canada;Devaraja Parekh;#257284c1;197;[67, 386, 205, 289, 486]
21.0;Nitika04@yandex.jp;augsburg, bayern, germany;Nitika Bal;57*41Cw!5A;198;[573, 582, 555, 70, 117]
38.0;Chauhan26@yahoo.au;austin, texas, usa;Lakshman Chauhan;aT@dT0v3X;199;[85, 587, 565, 456, 319]
27.0;Aditi2005@express.de;aberdeen, scotland, united kingdom;Aditi Kothari;zSHPQ$7H4;200;[150, 359, 57, 587, 418]
;Kuruvilla27@corporation.org;sharjah, sharjah, u.a.e;Mohan Kuruvilla;H9#HP0467;201;[585, 504, 184, 566, 31]
28.0;Bajwa05@hotmail.edu;ottawa, ontario, canada;Maya Bajwa;C7tmg!30@L;202;[323, 76, 83, 536, 67]
;Lutchmayah1978@online.de;charleston, south carolina, usa;Lutchmayah Ghosh;hx0$!%au6UB;203;[518, 545, 149, 141, 112]
15.0;Daya2012@institute.com;turner, oregon, usa;Daya Deep;@61#2$6Z821;204;[269, 452, 554, 226, 535]
23.0;Laxman20@omega.site;istanbul, victoria, turkey;Laxman Sibal;8!p5*89870;205;[363, 132, 475, 531, 76]
60.0;Brinda2011@online.biz;versailles, ile de france, france;Brinda Sarma;aL@RIZedj^;206;[570, 72, 377, 416, 261]
;Rajan20@community.de;west bend, wisconsin, usa;Devayanne Rajan;YC1BN5#92;207;[136, 381, 230, 139, 404]
;Jai88@corporation.us;bremen, bremen, germany;Jai Sandal;%xy6MKR#ro;208;[210, 586, 446, 95, 113]
21.0;Lakshman1979@express.me;pj, selangor, malaysia;Lakshman Sanghvi;n9%X5@026Y;209;[20, 390, 518, 73, 172]
54.0;Chandrakant97@hotmail.in;albany, new york, usa;Chandrakant Bhatti;OIZU!oP31;210;[170, 168, 152, 195, 200]
21.0;Kara06@hotmail.au;lleida, lleida, spain;Jitinder Kara;m%hF3D^mty;211;[83, 187, 11, 370, 214]
21.0;Chandra-Kanta17@omega.in;manila, n/a, philippines;Chandra-Kanta Tank;w9$6OFwpw@;212;[5, 382, 396, 493, 305]
;Meda03@gmail.jp;gainesville, florida, usa;Anandi Meda;KrPK$3jO!9;213;[448, 12, 375, 523, 570]
27.0;Dubey28@omega.au;longmont, colorado, usa;Mayur Dubey;%p9264948#;214;[54, 312, 69, 341, 411]
20.0;Mitul2001@hotmail.org;port alberni, british columbia, canada;Mitul Barad;o#JA90&wou^;215;[541, 547, 211, 247, 224]
42.0;Mohini05@omega.site;barcelona, georgia, spain;Mohini Bahri;0M941%9I6;216;[455, 266, 535, 597, 553]
;Din26@corporation.us;spencer, massachusetts, usa;Buddha Din;7q99TU5%*Z;217;[96, 520, 387, 196, 551]
41.0;Bajaj16@yandex.co;hyderabad, alabama, india;Komathy Bajaj;^Gp#1#e2pjI;218;[135, 521, 32, 360, 256]
;Chanemougam90@company.us;bismark, sachsen-anhalt, greece;Chanemougam Varghese;M890r#l82;219;[237, 185, 272, 78, 568]
0.0;Deo1990@company.in;bogota, bogota, colombia;Deo Gara;iwUj*FAH^J;220;[139, 325, 311, 52, 305]
79.0;Jyotsna1983@company.dev;palm beach, florida, usa;Jyotsna Bains;33205^242;221;[309, 8, 156, 151, 308]
;Nandita76@institute.com;kingston, massachusetts, usa;Nandita Baral;0@3752300!0;222;[508, 129, 173, 171, 242]
;Lajili1993@online.jp;wazirabad, punjab, pakistan;Lajili Buch;9$802@A^4LJ;223;[484, 493, 544, 519, 220]
;Om2008@community.jp;strafford, missouri, usa;Om Tandon;Q9yD$juR9;224;[480, 217, 442, 58, 257]
;Ishwari87@institute.org;elgin, texas, usa;Ishwari Rout;$166$23300;225;[446, 101, 83, 431, 188]
;Kunal77@gmail.xyz;new york, new york, usa;Kunal Sharaf;94^%F7@mTJ0;226;[513, 424, 594, 177, 389]
;Isha02@corporation.de;high wycombe, bucks, united kingdom;Isha Joshi;75&437C13;227;[498, 312, 211, 160, 150]
41.0;Kapil1989@institute.zero;ann arbor, michigan, usa;Kapil Mallick;m9dho7%#4b;228;[331, 115, 406, 403, 186]
22.0;Mangal03@gmail.tech;delhi, delhi, india;Neelam Mangal;55&3355470;229;[531, 378, 286, 154, 290]
;Lavanya2001@finance.site;ny, new york, usa;Lavanya Bedi;5%i067889%;230;[178, 228, 523, 174, 567]
;Aggarwal04@nexus.com;mumbai, maharashtra, india;Chandana Aggarwal;%Xc33iiIJ;231;[201, 503, 302, 276, 484]
16.0;Jha13@community.xyz;mumbai, maharashtra, india;Mukesh Jha;1R$3723$j0;232;[209, 381, 167, 144, 94]
;Kesaven1989@express.xyz;tampere, pirkanmaa, finland;Kesaven Tank;Tc^urgv@f*K;233;[175, 127, 488, 306, 351]
25.0;Sane11@finance.au;joensuu, n/a, finland;Krishnin Sane;8&%35674511;234;[593, 112, 113, 393, 507]
22.0;Antrija78@yahoo.co;oeiras, lisboa, portugal;Antrija Joshi;x^dk4vR9$b;235;[379, 592, 530, 228, 133]
;Durga07@online.ngo;s. pasadena, california, usa;Durga Salvi;p0O58X25*;236;[392, 2, 505, 142, 443]
27.0;Godavari1973@yandex.org;plymouth, minnesota, usa;Godavari Dutta;7ahU&0pda;237;[374, 526, 189, 338, 584]
23.0;Kishan2013@yandex.edu;guildford, surrey, united kingdom;Kishan Goda;*^E5J306eo;238;[73, 249, 494, 66, 71]
;Damodara2023@corporation.xyz;fort worth, texas, usa;Damodara Pradhan;Q$H21&1Ec1;239;[86, 261, 498, 361, 525]
20.0;Anuja1998@yandex.xyz;brisbane, queensland, australia;Anuja Virk;WIyNF@sX&X;240;[228, 129, 540, 296, 401]
;Lata96@express.tech;auburn, alabama, usa;Lata Malhotra;WIy$&neY2*u;241;[335, 10, 483, 260, 25]
37.0;Sagar17@omega.dev;neuffen, baden-wuerttemberg, germany;Nikhil Sagar;3EJni0R%@%q;242;[331, 565, 395, 580, 168]
;Mahendra2020@corporation.me;arden hills, minnesota, usa;Mahendra Sinha;0^7*9&448657;243;[89, 474, 400, 242, 300]
;Mohinder1993@nexus.us;college station, texas, usa;Mohinder Bose;^iPVjcBoo;244;[5, 282, 284, 145, 273]
31.0;Sawhney23@express.us;lajolla, california, usa;Kapil Sawhney;wRF$Iy8d&I;245;[67, 131, 114, 395, 152]
16.0;Kali75@online.co;tananger, rogaland, norway;Kali Sandal;RLpy!$9%r9M;246;[534, 507, 228, 199, 28]
23.0;Nirmal2012@finance.dev;zografou, athens, greece;Nirmal Kota;%9m$57o#6L9;247;[18, 293, 26, 592, 273]
15.0;Dhaval1976@community.jp;chilliwack, british columbia, canada;Dhaval Mahal;C997%0^Z9@9;248;[283, 367, 563, 307, 584]
29.0;Goswami18@yahoo.co;amsterdam, noord-holland, netherlands;Ã¯Â»Â¿firstname Goswami;8%6220436;249;[306, 573, 513, 589, 294]
25.0;Kalidas74@hotmail.tech;minneapolis, minnesota, usa;Kalidas Puri;@355286%681;250;[409, 25, 61, 72, 413]
54.0;Kari10@yandex.com;valladolid, castilla y leÃ³n, spain;Nishant Kari;!rqmU4NVM;251;[425, 210, 196, 280, 363]
65.0;Ananda12@nexus.org;13001 safat, kuwait, kuwait;Ananda Anne;&1155280!u$;252;[63, 131, 80, 514, 197]
28.0;Sandhu13@omega.jp;milano, lombardia, italy;Lalita Sandhu;Slg4yNK4!;253;[151, 242, 442, 281, 448]
24.0;Chanemougam2023@yahoo.uk;minneapolis, minnesota, usa;Chanemougam Kashyap;7u%8&314S9;254;[213, 530, 124, 590, 449]
32.0;Jagannath88@omega.de;antofagasta, alabama, chile;Jagannath Srinivasan;3huI$r0cD;255;[122, 126, 107, 152, 123]
;Jayendra73@omega.edu;boston, massachusetts, usa;Jayendra Mane;L&g$zlK@Ow6;256;[396, 9, 61, 437, 551]
;Deepali1995@company.ngo;quit, quit, quit;Deepali Bail;@$4N74@4874;257;[461, 501, 507, 429, 98]
;Draupadi74@hotmail.com;ljk, lkj, lj;Draupadi Kala;1KN0$Vx^6^g;258;[267, 80, 72, 152, 6]
45.0;Brijesha2003@community.zero;jacksonville, north carolina, usa;Brijesha Bhakta;88#85!56@338;259;[139, 342, 241, 568, 40]
51.0;Krish15@yahoo.me;chisholm, minnesota, usa;Bala Krish;pbOUb1#6i;260;[249, 534, 316, 40, 133]
45.0;Kalyan1985@gmail.dev;lonsee, baden-wuerttemberg, germany;Kalyan Kota;5z#!47WJ8R!;261;[47, 356, 439, 78, 258]
28.0;Kasi87@omega.biz;rockford, illinois, usa;Kasi Goel;gV6&53O91;262;[566, 170, 180, 184, 3]
;Amrit1970@hotmail.site;houston, texas, usa;Amrit Naidu;&j96GuEdZ;263;[178, 4, 19, 79, 207]
23.0;Nigam16@community.edu;taipei, n/a, taiwan;AmbÃÂ¢ Nigam;N*0#t7198Z&;264;[324, 333, 567, 89, 146]
24.0;Drishti20@hotmail.xyz;tianjin, n/a, china;Drishti Chaudry;9282&93t5;265;[228, 501, 413, 592, 428]
;Nagi17@institute.org;kalgary, alberta, canada;Devadas Nagi;&4!4tF7t5#5;266;[481, 240, 399, 89, 435]
29.0;Kapoor27@nexus.ngo;cleveland, ohio, usa;Anandita Kapoor;n54y5@JF9;267;[428, 377, 17, 205, 69]
;Chandana01@finance.zero;"Ã¥rhus, \n/a\"", denmark""";Chandana Kalla;st%xZOrhb;268;[219, 353, 377, 65, 537]
;Bhaskar81@hotmail.me;aarhus, jylland, denmark;Bhaskar Bumb;785@76X&53;269;[170, 391, 62, 428, 184]
;Malati08@corporation.us;tawern, rheinland-pfalz, germany;Malati Mukherjee;6339%#7763;270;[117, 160, 345, 422, 387]
22.0;Murugan1977@express.biz;karachi, pakistan, pakistan;Murugan Saxena;xmV^M1^i^Tv;271;[348, 367, 389, 591, 598]
20.0;Bakula2013@yandex.in;walla walla, washington, usa;Bakula Parmer;C9E82$DHB;272;[254, 529, 390, 278, 435]
;Brinda1973@online.de;snohomish, washington, usa;Brinda Parsa;2545Y24$3;273;[376, 124, 430, 28, 509]
26.0;Kaur97@yahoo.xyz;bologna, emilia romagna, italy;Kaur Guha;^4#0IN092@9;274;[204, 150, 584, 288, 191]
;Nilima73@nexus.dev;calgary, alberta, canada;Nilima Dutta;1j78$Aj8R;275;[325, 412, 30, 504, 295]
;Andra02@yandex.edu;hillsboro, oregon, usa;Moryl Andra;6U46@v34$9;276;[24, 474, 340, 311, 541]
15.0;Bora01@corporation.xyz;dubbo, new south wales, australia;Brahma Bora;kJKE9zS9$;277;[256, 502, 490, 330, 166]
21.0;Anand1977@finance.me;chicago, illinois, usa;Anand Ahluwalia;96@67YB*23;278;[593, 384, 65, 510, 264]
;Manjika2014@online.xyz;berkshire, england, united kingdom;Manjika Bahri;XDu&0!33^gq;279;[197, 323, 511, 449, 9]
;Varkey19@hotmail.edu;yakima, washington, usa;Gautama Varkey;%pPgmeLdI*!;280;[271, 226, 195, 390, 446]
31.0;Kumari1995@community.co;dresden, sachsen, germany;Kumari Kaur;652936#5^3;281;[212, 246, 222, 175, 510]
;Devmani2016@nexus.jp;victoria, british columbia, canada;Devmani Kamdar;I5Uwx&Lj9;282;[373, 346, 333, 94, 86]
;Kartikeya04@omega.ngo;gig harbor, washington, usa;Kartikeya Soman;rN&8h3C61#;283;[577, 77, 178, 64, 556]
35.0;Soman25@hotmail.au;barcelona, barcelona, spain;Hari Soman;29580*66!57;284;[349, 373, 303, 490, 397]
;Avani03@finance.uk;cambridge, cambridgeshire, united kingdom;Avani Ghosh;M6S&@I6Bb1;285;[222, 579, 14, 221, 90]
17.0;Gobind2022@hotmail.xyz;seattle, washington, usa;Gobind Amble;fQWGLEF^8;286;[435, 408, 111, 145, 117]
;Agni1985@company.com;gardena, california, usa;Agni Bora;^73o32960;287;[23, 480, 305, 220, 359]
19.0;Parikh30@company.biz;hallowell, maine, usa;Dharma Parikh;u@7vMhU^U$W;288;[348, 231, 300, 412, 151]
15.0;Basu09@hotmail.jp;tampa, florida, usa;Navin Basu;9v363Gs*8;289;[537, 541, 115, 577, 126]
;Indu2017@express.edu;ravenna, ohio, usa;Indu Gala;n!2Th*Srgq*;290;[517, 508, 313, 218, 208]
;Damodara1993@corporation.edu;ft. collins, colorado, usa;Damodara Sawhney;U40G^tt0l%;291;[445, 362, 108, 381, 537]
22.0;Nori01@omega.ngo;tucson, arizona, usa;Chanemouga Nori;1k8$Lm3xc;292;[136, 594, 94, 379, 456]
25.0;Deepali2008@corporation.uk;winnipeg, manitoba, canada;Deepali Devan;5@59523094;293;[279, 518, 414, 70, 304]
;Leela1993@express.dev;poway, california, usa;Leela Gole;oZGuaaD5@;294;[498, 105, 199, 354, 223]
28.0;Venkatesh14@gmail.xyz;lanham, maryland, usa;Hari Venkatesh;12296$#67$94;295;[79, 119, 91, 165, 384]
21.0;Sidhu16@yahoo.dev;lleida, lleida, spain;Chiranjeevi Sidhu;6mOg1Cb6#;296;[428, 454, 571, 82, 413]
27.0;Toor17@yahoo.me;daly city, california, usa;Baladeva Toor;%940v12$^74;297;[308, 420, 332, 53, 248]
;Nitya1999@yandex.de;oakland, california, usa;Nitya Din;QQxW0w!WJ;298;[110, 38, 362, 64, 511]
42.0;Mayur76@nexus.me;paris, paris, france;Mayur Keer;b^&5582426*;299;[167, 12, 568, 259, 97]
;Esha08@express.org;newport news, virginia, usa;Esha Sheth;8@72f@L@MDu;300;[93, 110, 371, 200, 7]
32.0;Chokshi31@yandex.org;walled lake, michigan, usa;Kavita Chokshi;PT&DpC8!wk;301;[585, 406, 162, 334, 351]
53.0;Kar18@hotmail.site;capitola, california, usa;Nirav Kar;EY@zz7B$2n*;302;[503, 416, 63, 23, 476]
;Cooldeepac2007@company.uk;poway, california, usa;Cooldeepac Varma;759&03^6N9;303;[309, 72, 457, 528, 63]
24.0;Ananden2009@gmail.de;kailua, hawaii, usa;Ananden Narayanan;WQ369yxJ@;304;[433, 73, 384, 543, 279]
;Geeta86@corporation.de;poway, california, usa;Geeta Korpal;GzJyyC@qy^;305;[110, 562, 255, 321, 196]
;Hegde20@hotmail.co;boston, massachusetts, usa;Nitika Hegde;@!7T6G1mA@K;306;[71, 524, 547, 482, 359]
27.0;Parmar15@company.dev;koski, uusimaa, finland;Mahendra Parmar;z$@@i9o2M7Q;307;[310, 490, 491, 36, 380]
53.0;Datta26@finance.co;getxo, yukon territory, espaÃ±a;Ninad Datta;87&p0*8T75;308;[360, 22, 7, 42, 531]
30.0;Palan19@company.co;london, england, united kingdom;Indrani Palan;@5r7@zr2fQ;309;[574, 208, 284, 557, 295]
26.0;Mehan02@company.site;barcelona, n/a, spain;Gauri Mehan;@$3718EF#6K;310;[389, 590, 450, 419, 312]
34.0;Narang06@online.dev;ridderkerk, n/a, netherlands;Kunala Narang;$&Hx&07XmAA;311;[324, 23, 8, 207, 80]
;Nagendra07@express.edu;lk, jlk,;Nagendra Edwin;8Eo17845#;312;[215, 158, 497, 387, 451]
;Sheth18@hotmail.co;rutherford, new jersey, usa;Harinder Sheth;Zh!$N$132nz;313;[443, 494, 33, 508, 347]
28.0;Chada23@hotmail.dev;Ã¥rhus, n/a, denmark;Kalpana Chada;!99251&4NI@;314;[340, 382, 408, 303, 429]
;Garg16@nexus.us;stockholm, stockholm, sweden;Kapila Garg;ac34$05$HJ;315;[179, 511, 339, 199, 37]
23.0;Nishant2010@company.site;kyle, saskatchewan, canada;Nishant Bora;TLHFyId4$;316;[206, 250, 113, 433, 435]
41.0;Kala2008@yahoo.au;tyner, north carolina, usa;Kala Ratti;er9$Y6WkM;317;[382, 68, 219, 256, 343]
;Nandita06@omega.uk;berlin, n/a,;Nandita Deep;nxwTW*pal%!;318;[2, 492, 376, 472, 274]
32.0;Modi07@express.zero;1407 kÃ¸benhavn k, n/a, denmark;Deepti Modi;43%380%753;319;[585, 418, 14, 471, 59]
37.0;Rai24@corporation.us;minneapolis, minnesota, usa;Daya Rai;#47P8b657;320;[380, 516, 362, 110, 335]
24.0;Nala19@yahoo.uk;liaquat pur, punjab, pakistan;Nala Balasubramanian;97288048^;321;[174, 312, 562, 574, 80]
;Jarita98@online.jp;bergen, yukon territory, norway;Jarita Upadhyay;F33*40^319;322;[302, 543, 143, 141, 38]
23.0;Kamala96@yandex.jp;seattle, washington, usa;Kamala Tiwari;7%9529955;323;[477, 215, 352, 319, 472]
;Devmani1987@online.tech;valencia, bukidnon, philippines;Devmani Luthra;1yI$5Q^774;324;[377, 331, 65, 302, 158]
;Mohandas2021@gmail.dev;zÃ¼rich, mittelland, switzerland;Mohandas Chadha;4km^^6s^B6g;325;[43, 58, 566, 210, 525]
;Indra2020@community.us;parkville, missouri, usa;Indra Brahmbhatt;ltRuci$!lS;326;[541, 331, 394, 389, 161]
;Jitinder94@institute.me;dallas, texas, usa;Jitinder Kota;5k1!Y%65@45;327;[451, 425, 597, 469, 335]
33.0;Nitin2009@express.jp;moscow, idaho, usa;Nitin Das;J$OPKiYS!D;328;[177, 200, 346, 32, 409]
21.0;Aruna02@finance.jp;sanghar, sindh, pakistan;Aruna Mahal;lhci1W2@W;329;[139, 101, 485, 370, 290]
;Jaidev1992@online.org;quezon city, n/a, philippines;Jaidev Vohra;6374n5&!cI;330;[470, 366, 143, 530, 519]
60.0;Jyotsana71@express.au;buenos aires, buenos aires, argentina;Jyotsana Krishnamurthy;N#8&X1gAB3;331;[422, 213, 215, 234, 381]
59.0;Puri02@hotmail.edu;lake oswego, oregon, usa;Isha Puri;^56*7@45773;332;[488, 253, 512, 483, 166]
23.0;Gopal1989@online.jp;barcelona, alberta, spain;Gopal Bhatia;K$$mPw&N87r;333;[499, 239, 53, 95, 544]
27.0;Ã¯Â»Â¿firstname1975@finance.jp;jyvÃ¤skylÃ¤, n/a, finland;Ã¯Â»Â¿firstname Kanda;6#CY1t9Q1;334;[286, 155, 192, 408, 540]
27.0;Gayatri76@corporation.co;modena, emilia romagna, italy;Gayatri Devi;EumRH&%$MuR;335;[145, 297, 355, 142, 244]
27.0;Amala1986@hotmail.biz;bilbao, vizcaya, spain;Amala Saxena;7672039&66;336;[52, 253, 221, 363, 193]
17.0;Kunti2005@company.jp;mÃ¡laga, n/a, spain;Kunti Sarraf;%B390A11P;337;[249, 451, 586, 79, 193]
;Jagannath73@finance.org;minneapolis, minnesota, usa;Jagannath Sahota;18Md*103&0!;338;[585, 234, 476, 563, 394]
20.0;Kala11@corporation.jp;tampere, pirkanmaa, finland;Jivan Kala;h77$9j121$&;339;[395, 32, 346, 219, 337]
15.0;Kalika1975@yahoo.dev;cebu, cebu, philippines;Kalika Deol;90l77^0J5;340;[217, 12, 32, 447, 384]
50.0;Chopra07@gmail.au;ormesson, ile de france, france;Gauri Chopra;l#@XWJgzB^X;341;[597, 235, 288, 131, 347]
28.0;Guha27@finance.tech;sokoto, niedersachsen, nigeria;Madhur Guha;!553421!41;342;[117, 269, 284, 319, 501]
;Patil16@nexus.au;mesa, arizona, usa;Divya Patil;Fwjb^EY#^38;343;[329, 298, 21, 507, 495]
25.0;Lallida1972@gmail.dev;leicester, england, united kingdom;Lallida Kohli;R!OmK^tgEO@;344;[85, 535, 292, 532, 248]
27.0;Bhalla07@express.xyz;columbia, tennessee, usa;Nisha Bhalla;$c90a6u%#89;345;[515, 225, 533, 353, 588]
29.0;Kishori10@express.org;montreal, quebec, canada;Kishori Raman;5h1&mY2Yy;346;[308, 361, 340, 339, 32]
34.0;Gopi1970@express.me;montreal, quebec, canada;Gopi Jaggi;ty%F@XCI%uD;347;[94, 109, 514, 554, 390]
;DarmÃÂ¨sh02@yahoo.uk;berkeley, california, usa;DarmÃÂ¨sh De;8895&8304%6;348;[570, 289, 328, 86, 278]
;Kunal03@institute.co;sÃ¸nderborg, n/a, denmark;Kunal Dixit;50O91437%;349;[115, 387, 475, 520, 193]
;Sandal26@finance.co;siena, toscana, italy;Mahavir Sandal;I^cOD6v*Fe;350;[432, 308, 403, 8, 390]
;Badami19@gmail.uk;ankara, turkey, turkey;Jeetendra Badami;3i1%7348#*0;351;[124, 422, 425, 499, 551]
28.0;Deepti2012@finance.dev;windsor, connecticut, usa;Deepti Dugar;r*d^Rm28zJ;352;[106, 64, 481, 516, 501]
41.0;Nagarajan01@community.site;madrid, n/a, spain;Bhaskar Nagarajan;W%#nzjJFf#f;353;[37, 231, 363, 129, 16]
;Chander22@institute.site;belo horizonte, minas gerais, brazil;Chander Dass;28522$3!2@29;354;[266, 247, 424, 183, 465]
;Dave01@nexus.zero;london, uk, london;Keya Dave;6Fg^9Zg9d;355;[287, 172, 341, 66, 315]
;Devi82@community.co;leesburg, virginia, usa;Devi Mathai;%4jzg1g1a#;356;[149, 336, 213, 104, 366]
29.0;Kalita11@finance.xyz;newcastle upon  tyne, england, united kingdom;Devika Kalita;#BpLIYSnR;357;[431, 422, 84, 17, 336]
;Devdas1975@hotmail.xyz;burbank, california, usa;Devdas Ghosh;pRj%lx6#E^G;358;[417, 266, 217, 420, 337]
;Jyotsana2011@company.au;springville, california, usa;Jyotsana Devan;7@83#91!86P;359;[508, 179, 197, 240, 38]
33.0;Lata2004@hotmail.site;barcelona, barcelona, spain;Lata Bora;#1273fE4o;360;[400, 178, 198, 148, 22]
25.0;Jayani74@finance.org;premiÃ  de dalt, barcelona, spain;Jayani Prasad;#74$aH#clvv;361;[524, 202, 488, 534, 311]
63.0;Anandita08@community.org;thunder bay, ontario, canada;Anandita Das;TR&AH^QH@xj;362;[507, 221, 439, 497, 96]
;Gautam95@nexus.site;uhingen, baden-wuerttemberg, germany;Gautam Vora;6176591#7;363;[419, 235, 371, 539, 496]
;Akash1970@institute.de;aveiro, beira litoral, portugal;Akash Shankar;6#81#879We@;364;[258, 145, 567, 547, 382]
;Deepti75@institute.biz;milano, europe, italy;Deepti Krishnan;@66139cO0;365;[489, 501, 536, 67, 189]
;Din24@yandex.dev;sofia, alberta, bulgaria;Aravind Din;17V%0g594;366;[71, 312, 56, 352, 26]
45.0;Dhaliwal20@community.me;culver city, california, usa;Chiranjivi Dhaliwal;0%75yNecA&;367;[342, 96, 496, 71, 49]
35.0;Chadha14@community.au;west point, virginia, usa;Madhavi Chadha;4a#Bl3#n8^A;368;[89, 92, 131, 511, 107]
;Buddha02@yahoo.co;lenexa, kansas, usa;Buddha Khanna;8G26394%6;369;[577, 527, 544, 383, 153]
;Girisha1971@nexus.dev;sacramento, california, usa;Girisha Wali;69583!8^dq#;370;[393, 462, 141, 168, 340]
;Lata1987@hotmail.de;los barriles, b.c.s., mexico;Lata Sekhon;#7H#6*2Cl66;371;[120, 176, 8, 27, 158]
22.0;Kalita25@finance.site;bamberg, bayern, germany;Maya Kalita;y20eZD*HC;372;[379, 397, 268, 186, 527]
;Anjali1994@yandex.dev;vienna, vienna, austria;Anjali Oza;201r784&Y;373;[401, 532, 305, 83, 300]
45.0;Nitin12@online.au;braunschweig, niedersachsen, germany;Nitin Bahl;*Tgn7LMXM;374;[335, 470, 87, 165, 332]
28.0;Goswami29@hotmail.dev;leipzig, sachsen, germany;Chanda Goswami;s2860!M@55;375;[206, 403, 62, 451, 323]
35.0;Ladha21@institute.de;fishers, indiana, usa;Ladha Mangat;#720*@15585;376;[385, 36, 325, 128, 577]
;Bahl02@yahoo.au;kuala lumpur, klang, malaysia;Devmani Bahl;848!#26103&;377;[138, 503, 169, 454, 117]
57.0;Kirtida10@community.edu;nice, california, usa;Kirtida Ranganathan;67pe^!d3K5^;378;[575, 372, 73, 506, 170]
47.0;Wagle20@finance.us;vancouver, british columbia, canada;Kshitij Wagle;$2924$279&4;379;[498, 141, 122, 53, 509]
;Mukesh1994@company.uk;amarillo, texas, usa;Mukesh Parmar;SnJvKf#M&Y;380;[149, 19, 331, 22, 529]
;Girish1978@gmail.us;fort lauderdale, florida, usa;Girish Salvi;201UQ^D73;381;[141, 56, 137, 115, 409]
;Balakrishnan11@institute.de;kansas city, kansas, usa;Devdan Balakrishnan;xyhJ7Zu&1;382;[146, 36, 481, 50, 92]
;Geeta21@yandex.uk;carmichael, california, usa;Geeta Sankaran;%&1X4f5Gp8;383;[217, 530, 52, 153, 558]
23.0;Krishna2009@gmail.site;bucuresti, n/a, romania;Krishna Hans;2058@1605;384;[299, 195, 426, 177, 206]
;Rai24@omega.de;paris, n/a, france;Anil Rai;#&iS#pv8749;385;[344, 110, 413, 222, 296]
20.0;Harisha1970@gmail.au;karaj, tehran, iran;Harisha Comar;1Y7@9%2t85;386;[243, 124, 79, 376, 233]
17.0;Varghese20@finance.uk;charity, missouri, usa;Manju Varghese;62994!77u^;387;[397, 460, 150, 516, 104]
35.0;Amit2010@nexus.in;nashville, tennessee, usa;Amit Bera;0Y!&825!8G4;388;[60, 490, 462, 84, 372]
22.0;Anima24@institute.uk;barcelona, catalunya, spain;Anima Brar;3Bp!3802A;389;[446, 46, 364, 43, 408]
48.0;Amrita1986@gmail.site;chapmanville, west virginia, usa;Amrita Kant;59S!x460v;390;[576, 124, 533, 423, 205]
;Manjula1975@community.site;waco, texas, usa;Manjula Sur;^Izn8DrdP;391;[271, 310, 423, 223, 439]
44.0;Chandraradj2018@express.xyz;barcelona, catalunya, spain;Chandraradj Khare;B%t65&wg2a#;392;[287, 233, 42, 149, 118]
24.0;Geevarghese2024@yandex.edu;brighton, east sussex, united kingdom;Geevarghese Om;#q3o^iQ7R$u;393;[200, 290, 521, 483, 449]
25.0;Tella19@company.au;lonodn, calabria, united kingdom;Kumara Tella;!RmrynYA%D;394;[172, 411, 549, 447, 568]
24.0;Devadas1979@yahoo.com;madrid, n/a, spain;Devadas Buch;L%M708J1K;395;[426, 90, 83, 230, 45]
;Korpal02@community.edu;jakobsberg, stockholm, sweden;Jitendra Korpal;62*14gR12;396;[232, 223, 330, 327, 127]
50.0;Ã¯Â»Â¿firstname2017@online.us;almada, almada, portugal;Ã¯Â»Â¿firstname Sen;Sc6R&ET*CZ;397;[15, 106, 264, 494, 587]
;Chadha02@institute.tech;wanganui, wellington region, new zealand;Anuja Chadha;JX&X5ZBfl;398;[434, 249, 203, 397, 338]
41.0;Goyal25@gmail.dev;abuja, fct abuja, nigeria;Kevala Goyal;5m#M&2StN!8;399;[590, 183, 238, 424, 247]
;Kessavaperoumal1996@hotmail.dev;st. louis, missouri, usa;Kessavaperoumal Kant;27^4214095;400;[430, 49, 160, 536, 91]
28.0;Ananta1993@yahoo.uk;la plata, buenos aires, argentina;Ananta Cherian;9&j7XbeoJ$;401;[47, 346, 347, 228, 317]
19.0;Brijesha16@institute.zero;manchester, england, united kingdom;Brijesha Kurian;MK*EcE#IBg;402;[439, 368, 567, 46, 447]
;Dugar07@hotmail.ngo;romeo, michigan, usa;Manjika Dugar;t3348433#;403;[527, 586, 124, 387, 121]
37.0;Girisha22@nexus.com;chicago, illinois, usa;Girisha Garg;T@Wi@LniU8;404;[70, 14, 177, 590, 558]
;Kade13@community.site;berlin, berlin, germany;Lajili Kade;ilVogVn*B;405;[104, 146, 530, 414, 487]
37.0;Konda13@community.com;madrid, madrid, spain;Indra Konda;%d4if@Yzos;406;[28, 96, 264, 428, 463]
;Nala1977@company.biz;lahore, punjab, pakistan;Nala Contractor;33406*#364!2;407;[298, 138, 472, 471, 527]
17.0;Mishra25@gmail.zero;mountain view, california, usa;Murugan Mishra;b6$6z*276#J;408;[240, 238, 10, 466, 335]
50.0;Chanda2001@community.dev;almada, almada, portugal;Chanda Chahal;#r59300W8##;409;[349, 316, 194, 74, 381]
40.0;Sarna28@gmail.biz;york, yorkshire, united kingdom;Ila Sarna;6276^8494$6#;410;[147, 302, 439, 589, 208]
27.0;Soni19@corporation.jp;defiance, ohio, usa;Bishen Soni;VMQPb%wbz;411;[270, 585, 524, 63, 365]
;Thaker05@institute.in;indianapolis, indiana, usa;Arun Thaker;2394%0874@;412;[7, 415, 128, 193, 582]
17.0;Bhargava09@online.dev;naperville, illinois, usa;Lakshmi Bhargava;358@wCg$71;413;[204, 127, 124, 319, 243]
34.0;Chandraradj1981@company.ngo;portland, oregon, usa;Chandraradj Manda;635835519@;414;[86, 453, 362, 503, 62]
;Carpanin1979@nexus.de;gilbert, arizona, usa;Carpanin Baria;87*255004;415;[231, 505, 162, 547, 274]
31.0;Raghavan15@yahoo.edu;warrington, pennsylvania, usa;Krishnin Raghavan;^#7Hp$9x300;416;[455, 72, 510, 482, 328]
;Narinder2011@company.au;downers grove, illinois, usa;Narinder Sathe;WPSogR^WO;417;[402, 203, 339, 121, 522]
;Madhur1996@institute.me;baltimore, maryland, usa;Madhur Bail;09dv7@Y1f;418;[290, 67, 422, 231, 132]
14.0;Indira1978@hotmail.in;grove city, pennsylvania, usa;Indira Pall;CS3%09580;419;[433, 184, 539, 480, 417]
14.0;Kunti2021@community.jp;canberra, australian capital territory, australia;Kunti Matthai;pIuZv0aj^**;420;[101, 335, 157, 41, 369]
47.0;Nithya1991@finance.in;sioux city, iowa, usa;Nithya Vora;2d4m*$9MV&T;421;[524, 275, 9, 597, 233]
23.0;Kata19@yandex.com;edmonton, alberta, canada;Avinash Kata;a!o9enaPm;422;[44, 589, 325, 189, 403]
;Agni10@online.co;kenilworth, england, united kingdom;Agni Venkatesh;304$6949#22;423;[22, 208, 429, 33, 398]
29.0;Kshitij1982@company.co;portland, oregon, usa;Kshitij Devi;IGF66*cH1;424;[596, 333, 2, 192, 437]
32.0;Amit1973@gmail.ngo;calgary, alberta, canada;Amit Bedi;224Qz@m84;425;[368, 437, 237, 462, 304]
;Nandini13@community.me;san francisco, california, usa;Nandini Shankar;5F875%5p*u^;426;[227, 167, 213, 263, 505]
;Anuj1992@express.co;townsville, queensland, australia;Anuj Kumar;^u2f1r646;427;[93, 507, 2, 256, 212]
;Mala17@gmail.us;cleveland, ohio, usa;Mala Dixit;@17722Q&#95;428;[216, 110, 495, 272, 439]
25.0;Bal11@finance.us;brockport, new york, usa;Abha Bal;8@6621479;429;[50, 101, 184, 532, 194]
;Ninad15@express.us;silver spring, maryland, usa;Ninad Bhatt;22w#L@9^Ww4;430;[238, 595, 575, 142, 521]
40.0;Kalinda77@nexus.xyz;ridgway, pennsylvania, usa;Kalinda Rama;Vl#627@0pZ*;431;[506, 133, 210, 444, 570]
;Oak03@omega.de;kansas city, missouri, usa;Aishwarya Oak;4770$7020!;432;[25, 465, 86, 530, 123]
48.0;Ajit81@express.in;smock, pennsylvania, usa;Ajit Tella;mnA6!jxrx;433;[40, 287, 434, 144, 167]
;LaÃÂ¯li87@corporation.zero;dallas, texas, usa;LaÃÂ¯li Malhotra;15$253&5529;434;[35, 325, 119, 264, 104]
;Dube28@finance.zero;naples, florida, usa;Divya Dube;n0a@7Iu#8^4;435;[93, 530, 448, 274, 571]
53.0;Kali24@online.dev;ivanhoe, melbourne, victoria, australia;Kali Nayak;H8564%#^195;436;[448, 366, 593, 430, 201]
;Kadivel91@yandex.zero;sault ste. marie, ontario, canada;Kadivel Mishra;tsP^58E8z;437;[236, 572, 268, 513, 312]
34.0;Krishnamurthy29@express.ngo;rome, lazio, italy;Deva Krishnamurthy;By*K$zyESp;438;[448, 524, 94, 327, 10]
;Rana31@yahoo.me;tiburon, california, usa;Neha Rana;O2N35!c!V^V;439;[363, 328, 326, 445, 510]
16.0;Mukesh01@express.de;brookfield, wisconsin, usa;Mukesh Mistry;0o9&phK74;440;[373, 284, 73, 36, 23]
;Kavi2023@nexus.de;spokane, washington, usa;Kavi Sharaf;48355%0470;441;[537, 38, 433, 196, 72]
24.0;Kumar82@corporation.edu;london, n/a, united kingdom;Kumar Sen;49t149*2Y;442;[89, 153, 214, 444, 63]
47.0;Ajay16@finance.zero;lawrenceburg, indiana, usa;Ajay Puri;2j02H190%!;443;[533, 74, 350, 577, 490]
40.0;Chetan1989@company.org;sweet home, oregon, usa;Chetan Baria;j$MvgQA6q;444;[290, 534, 397, 301, 375]
;Kumar15@finance.edu;archdale, north carolina, usa;Kumar Sura;982^!22uB%Y;445;[420, 525, 344, 127, 407]
;Deepak2011@company.me;chevy chase, dc, usa;Deepak Kala;MrVH!W63W&;446;[511, 316, 305, 145, 514]
;Jayant2012@gmail.xyz;medford, new jersey, usa;Jayant Bora;&VMept^L#0Q;447;[599, 498, 525, 210, 440]
22.0;Basu08@community.biz;batavia, new york, usa;Kamini Basu;5$K259@3Z*E;448;[320, 120, 52, 191, 531]
;Avinash1995@company.edu;metamora, illinois, usa;Avinash Oommen;5151E%581;449;[590, 233, 370, 224, 497]
31.0;Mohan2016@online.ngo;napoli, campania, italy;Mohan Mistry;!ws$tSkG2S;450;[560, 391, 535, 385, 490]
33.0;Kalika2002@yahoo.us;bismarck, north dakota, usa;Kalika Parmer;fCUn$acls;451;[133, 353, 289, 493, 580]
;Nirmala1994@yandex.org;louisville, kentucky, usa;Nirmala Tailor;5tTm#@yrS4;452;[96, 401, 223, 549, 492]
;Chandra-Kanta1973@corporation.ngo;charleston, west virginia, usa;Chandra-Kanta Wable;esdhT81R$;453;[467, 180, 349, 587, 319]
50.0;Kajal2003@corporation.xyz;norwich, norfolk, united kingdom;Kajal Bora;g!Z!kbUD$Bu;454;[175, 400, 326, 323, 123]
54.0;Issac17@yahoo.tech;calgary, alberta, canada;Nitya Issac;%XN3FR*vBC;455;[101, 488, 249, 122, 367]
31.0;Neela2016@gmail.in;norridgewock, maine, usa;Neela Joshi;107$5#3&3014;456;[165, 358, 571, 109, 296]
62.0;Kali97@hotmail.in;esher, england, united kingdom;Kali Sood;0F74!09B8@!;457;[459, 593, 97, 587, 321]
17.0;Dharma82@nexus.site;kenniwick, washington, usa;Dharma Naidu;064%3%!9n09;458;[236, 402, 65, 357, 574]
37.0;Krish01@omega.au;east moline, illinois, usa;Avinash Krish;NeZ#qlE7B;459;[594, 221, 206, 9, 216]
;Chanemouga86@hotmail.in;roma, italy, italy;Chanemouga Thaker;10539%50@0;460;[539, 67, 541, 13, 391]
15.0;Agate11@yandex.uk;singapore, n/a, singapore;Darshana Agate;fB9M!FR#5t;461;[446, 303, 142, 227, 369]
18.0;Kibe30@express.dev;brookside, new jersey, usa;Jagjit Kibe;!645rD&43x;462;[133, 47, 163, 38, 406]
20.0;Bishen1980@yahoo.xyz;rouse hill, new south wales, australia;Bishen Shah;*h16V@IV1Y;463;[192, 514, 225, 314, 233]
24.0;Akanksha2017@yahoo.biz;dahanu, maharashtra, india;Akanksha Loke;689*P#AYcd;464;[292, 157, 485, 6, 133]
;Sangha30@omega.tech;charleston, west virginia, usa;Nirmal Sangha;76585hi%!%1;465;[271, 482, 586, 505, 569]
;Bakula1996@company.us;saint paul, minnesota, usa;Bakula Sant;0B138@975^;466;[20, 526, 120, 387, 102]
;Dalini90@gmail.tech;livingston, new jersey, usa;Dalini Issac;v%X7U$$Ndoi;467;[437, 541, 85, 450, 25]
;Lata1987@community.biz;whittier, california, usa;Lata Chand;t&nGo216j;468;[294, 287, 229, 411, 231]
18.0;Mandeep1978@express.au;corona, california, usa;Mandeep Garg;0597#^50307;469;[90, 596, 359, 21, 370]
0.0;Gopalkrishna05@corporation.com;indianapolis, indiana, usa;Gopalkrishna Nori;8b20436#1;470;[596, 290, 159, 209, 318]
31.0;Karishma1986@institute.dev;melbourne, victoria, australia;Karishma Singh;7C^oQ&JG$tn;471;[102, 42, 288, 401, 333]
;Datta04@finance.site;livingston, new jersey, usa;Dhaval Datta;Dh%69p4V5;472;[482, 40, 13, 476, 531]
25.0;Gopal2023@yahoo.zero;makati city, luzon, philippines;Gopal Lal;$GPkp7Diu;473;[84, 126, 177, 111, 465]
;Anima24@institute.us;arlington, texas, usa;Anima Bali;6278155@84;474;[189, 290, 353, 322, 285]
34.0;Rout10@finance.jp;vancouver, british columbia, canada;Kirti Rout;65^047835;475;[130, 36, 183, 534, 131]
;Aruna2006@yahoo.org;rome, new york, usa;Aruna Mane;*6O19YwF7;476;[437, 263, 83, 534, 257]
45.0;Deepak86@nexus.me;charlottesville, virginia, usa;Deepak Sunder;523762#260@*;477;[377, 74, 9, 191, 426]
13.0;Kalinda1989@finance.de;albuquerque, new mexico, usa;Kalinda Nayar;4nJ*jJ4K8;478;[122, 368, 221, 365, 144]
;Govinda2019@institute.edu;iowa city, iowa, usa;Govinda Rai;^kb27g415;479;[1, 174, 102, 381, 176]
62.0;Avinash1994@express.zero;wanamassa, new jersey, usa;Avinash Babu;r9&Nntj%C*Z;480;[142, 107, 252, 396, 446]
;Lakshman2021@institute.org;canyon country, california, usa;Lakshman Ram;*990340#68;481;[28, 426, 155, 10, 276]
46.0;Chandra18@online.uk;valencia, california, usa;Chandra Bhasin;G$gVEf#4wn;482;[445, 336, 304, 204, 266]
72.0;Sathe01@express.de;shelton, washington, usa;Ladha Sathe;^97483899;483;[141, 509, 99, 526, 529]
17.0;Kessavaperoumal1998@yahoo.uk;clarkston, michigan, usa;Kessavaperoumal Sridhar;*5%$78498T9;484;[295, 37, 263, 453, 58]
51.0;Mukesha16@express.me;las vegas, nevada, usa;Mukesha Lal;1W@o9Oj6#y;485;[544, 489, 550, 197, 402]
31.0;Harendra10@express.zero;portland, oregon, usa;Harendra Sekhon;O^8epSc2q;486;[233, 322, 103, 444, 252]
;Iyengar26@gmail.us;houston, texas, usa;Darshan Iyengar;$ewea1ik7;487;[467, 366, 352, 222, 416]
25.0;Vyas14@omega.edu;boston, massachusetts, usa;Indrani Vyas;CuLWN0Fc$;488;[245, 155, 380, 65, 202]
;Shah23@express.dev;cape girardeau, missouri, usa;Manisha Shah;Gl1%YxR9p;489;[311, 66, 402, 62, 245]
;Adita77@institute.dev;milwaukee, wisconsin, usa;Adita Sekhon;1LAlIk#2l;490;[435, 85, 89, 374, 307]
26.0;Bajaj14@company.au;windsor, ontario, canada;Gobind Bajaj;9qR@DnS@zz;491;[229, 86, 255, 55, 176]
60.0;Bharata2006@express.dev;chicago, illinois, usa;Bharata Saxena;93^K55E0&v;492;[519, 302, 419, 372, 194]
29.0;Minatchy86@corporation.com;manhattan, kansas, usa;Minatchy Morar;N%gKNKNVf;493;[282, 546, 447, 195, 108]
;Nitin07@finance.uk;parry sound, ontario, canada;Nitin Nagy;O0tN18Q2!;494;[257, 547, 64, 531, 570]
;Kiran94@yahoo.uk;nashville, tennessee, usa;Kiran Deo;5^7%678@3600;495;[15, 191, 322, 215, 470]
51.0;Kessavamohane85@yahoo.de;west salem, wisconsin, usa;Kessavamohane Nayak;ot9pl4k!D&;496;[217, 368, 105, 104, 111]
51.0;Mira1992@omega.au;susquehanna, pennsylvania, usa;Mira Nori;4L36499#5;497;[288, 396, 326, 143, 39]
29.0;Srivastava04@community.com;charleston, south carolina, usa;Mahesh Srivastava;u9^Cgw216;498;[445, 559, 82, 407, 553]
62.0;Lakshman09@omega.dev;la verne, california, usa;Lakshman Brar;p@p6V87@nw;499;[526, 216, 506, 475, 91]
17.0;Meka24@gmail.tech;san antonio, texas, usa;Dayaram Meka;187^&9332*9;500;[54, 257, 359, 210, 214]
;Dey02@hotmail.de;richmond, virginia, usa;Mahinder Dey;zqXGZFrZ!#;501;[337, 265, 573, 347, 8]
47.0;Kshitija2004@finance.zero;dearborn, michigan, usa;Kshitija Talwar;8&43707*2k;502;[101, 78, 363, 204, 319]
40.0;Amala11@hotmail.jp;el centro, california, usa;Amala Kata;@z1Po%hxlO;503;[514, 258, 539, 244, 265]
29.0;Mutti18@finance.jp;tularosa, new mexico, usa;Darshana Mutti;EMOIy&Ep9;504;[97, 208, 165, 493, 129]
51.0;Minatchy1994@yandex.biz;washington, dc, usa;Minatchy Bhatnagar;550^93680;505;[70, 52, 111, 559, 105]
;Manjula14@express.us;ottawa, ontario, canada;Manjula Goyal;862148113#;506;[491, 210, 350, 86, 209]
;Guha03@community.com;dumas, arkansas, usa;Karishma Guha;f6q!Awt7%r;507;[350, 517, 558, 432, 55]
29.0;Zachariah05@gmail.xyz;portland, oregon, usa;Madhava Zachariah;Y5K0#!3w4h;508;[162, 316, 528, 538, 353]
;Devaki96@yandex.us;greensboro, north carolina, usa;Devaki Kalita;972781!1%14;509;[580, 555, 294, 29, 400]
;Rout19@yahoo.com;portland, oregon, usa;Dipaka Rout;sY4&r!OH^xd;510;[522, 547, 587, 58, 25]
;Madhuri1999@yandex.uk;berkeley, california, usa;Madhuri Narang;1992635%7#6;511;[477, 504, 555, 542, 142]
58.0;Nandini2016@finance.edu;winter springs, florida, usa;Nandini Upadhyay;89Q79^49@g;512;[151, 527, 31, 26, 295]
;Sarin03@omega.dev;savannah, georgia, usa;Bharat Sarin;Y%0n9zRG0;513;[243, 423, 543, 364, 464]
30.0;Dugar12@yahoo.de;bonney lake, washington, usa;Kishore Dugar;B4OLTWT$!b;514;[84, 572, 13, 193, 281]
24.0;Pal12@community.biz;bourbonnais, illinois, usa;Mohandas Pal;44697#6718;515;[149, 447, 99, 102, 274]
;Karliaye09@gmail.tech;seattle, washington, usa;Karliaye Doshi;^8j8qO$tC5;516;[341, 436, 262, 591, 323]
22.0;Badal07@hotmail.tech;grinnell, iowa, usa;Keshavan Badal;h!b7fgfq8;517;[243, 296, 337, 435, 394]
;Kanta1986@community.com;melbourne, victoria, australia;Kanta Natarajan;11*Nj9$i4*F;518;[281, 121, 123, 291, 192]
23.0;Lochana1976@company.au;sheffield, england, united kingdom;Lochana Nagy;1818&58901;519;[5, 57, 62, 264, 230]
;Adhik2005@online.org;humble, texas, usa;Adhik Vala;XD&K0A0Hh^;520;[595, 248, 448, 54, 579]
;Mukherjee30@gmail.edu;jefferson city, missouri, usa;Avanti Mukherjee;6*36991*528;521;[595, 461, 525, 115, 127]
;Bava04@yandex.zero;red deer, alberta, canada;Aditi Bava;27946941^^^;522;[20, 14, 556, 144, 507]
19.0;Dipika78@express.de;bozeman, montana, usa;Dipika Jayaraman;82!2&gijL9*;523;[85, 213, 532, 168, 533]
37.0;Rajan17@hotmail.site;valentine, new south wales, australia;Lata Rajan;$2!2^6s5214;524;[44, 47, 458, 417, 46]
29.0;Kailash2023@finance.tech;issy les moulineaux, ile de france, france;Kailash Nath;Rb&*gP#mFYj;525;[324, 199, 420, 250, 534]
35.0;Pathak13@community.de;hamburg, hamburg, germany;Aditya Pathak;*e0X0d*5h$5;526;[300, 100, 571, 181, 64]
22.0;Rattan24@community.zero;mainz, rheinland-pfalz, germany;Krishnaraja Rattan;GeYY*o!FSL;527;[96, 500, 348, 197, 123]
16.0;Hemachandra23@hotmail.dev;singapore, alabama, singapore;Hemachandra Pandey;b328ybz@M;528;[517, 267, 157, 379, 313]
28.0;Madhuri15@institute.site;new york, new york, usa;Madhuri Shukla;e70414^93;529;[555, 539, 189, 465, 277]
47.0;Kishan1993@express.biz;moab, utah, usa;Kishan Palla;2^834&$7180;530;[168, 264, 305, 16, 4]
56.0;Manjusha1988@corporation.au;st. augustine, florida, usa;Manjusha Kothari;%97222376;531;[354, 80, 548, 7, 450]
53.0;Dalal17@company.jp;cordoba, argentina, argentina;Kevala Dalal;OC$DO972z;532;[37, 551, 360, 531, 530]
31.0;Dube21@institute.tech;london, england, united kingdom;Nidra Dube;W4*d2a888!*;533;[386, 261, 427, 146, 167]
59.0;Mukul2011@yandex.org;rosharon, texas, usa;Mukul Gopal;&XsxJjD@%Mj;534;[118, 407, 438, 379, 488]
;Chandi16@corporation.au;sfgsdfg, calabria, italy;Chandi Natarajan;nV$@vnLfuG;535;[570, 260, 222, 512, 329]
20.0;Shukla22@finance.au;hcm, hcm, vietnam;Mahendra Shukla;M&h4SRUa9;536;[527, 413, 434, 37, 525]
;Anjali2021@yandex.au;davis, california,;Anjali Dayal;6K33%7080;537;[449, 77, 557, 390, 205]
26.0;Kashi82@nexus.uk;perryville, missouri, usa;Kashi Bhat;89*A070I6;538;[36, 381, 551, 558, 224]
;Batta27@omega.au;saint louis, missouri, usa;Ananta Batta;!AT8vhd1a;539;[440, 57, 265, 166, 254]
67.0;Bharat1998@online.dev;watertown, south dakota, usa;Bharat Samra;Z6!X2970k;540;[205, 371, 302, 31, 181]
45.0;Kanda-Koumarane94@omega.tech;brooklyn, new york, usa;Kanda-Koumarane Zacharia;110!%495#85;541;[450, 559, 340, 485, 124]
;Doctor24@institute.org;fort worth, texas, usa;Nisha Doctor;d$C3tPpXB;542;[197, 444, 262, 175, 285]
27.0;Kshitij71@nexus.site;hanoi, hanoi, vietnam;Kshitij Madan;27fqKdr^K;543;[412, 252, 322, 384, 71]
;Madhur81@corporation.com;england, england, united kingdom;Madhur Pandit;9564@@0764;544;[163, 95, 6, 401, 74]
;Anand22@online.com;pomona, missouri, usa;Anand Munshi;s28wk!2r7;545;[192, 287, 134, 55, 47]
51.0;Madhurya78@yandex.us;firenze, toscana, italy;Madhurya Sharma;jr#m%^941y1;546;[323, 21, 309, 303, 504]
;Warrior19@yandex.biz;presque isle, maine, usa;Ajith Warrior;!4&3314693*;547;[12, 516, 300, 196, 365]
;Ankita96@gmail.jp;lynn haven, florida, usa;Ankita Taneja;AITA21*w8;548;[317, 76, 451, 112, 235]
;Navin1994@yandex.zero;mansfield, pennsylvania, usa;Navin Tank;2#*r852408;549;[4, 106, 502, 347, 411]
;Minali2009@nexus.edu;karachi, sindh, pakistan;Minali Sandhu;jU0$YWg&#vy;550;[375, 238, 230, 254, 371]
19.0;Kadivel19@yandex.org;kolkata, victoria, india;Kadivel Solanki;#63%785wIG;551;[133, 51, 599, 536, 223]
;Narinder71@company.uk;united states, california, usa;Narinder Khalsa;0i#3s%93D4@;552;[556, 48, 194, 159, 226]
16.0;Srinivas16@nexus.com;nykÃ¸bing sjÃ¦lland, n/a, denmark;Brijesh Srinivas;Q1E902h*H$%;553;[279, 368, 409, 211, 163]
;Jai97@finance.xyz;angra heroismo, yukon territory, portugal;Jai Rajagopalan;6@56&@vg040;554;[501, 91, 439, 262, 120]
36.0;Karlaye90@yahoo.com;teramo, abruzzo, italy;Karlaye Rajagopal;vXCCUa*S#V#;555;[189, 596, 136, 356, 264]
31.0;Harshal2013@nexus.co;port charlotte, florida, usa;Harshal Baria;h^SLkcS3v;556;[490, 579, 173, 507, 77]
49.0;Bhagat14@express.in;oceanside, colorado, usa;Gita Bhagat;739773!9!33;557;[232, 511, 288, 385, 479]
;Damodar17@corporation.zero;burnaby, ,;Damodar Verma;59837211@;558;[256, 268, 14, 109, 237]
;Kala28@company.site;pulaski, virginia, usa;Malati Kala;6852$80^f3;559;[304, 82, 126, 458, 386]
;Shanker13@community.in;napoleonville, louisiana, usa;Adhik Shanker;G7224P8P*;560;[370, 123, 186, 266, 75]
35.0;Dasgupta17@corporation.jp;shrewsbury, pennsylvania, usa;Dharma Dasgupta;32860123%6;561;[272, 383, 466, 523, 281]
0.0;Sachar04@nexus.ngo;adfdaf, australian capital territory, albania;Kasi Sachar;@5#4DO223!8;562;[125, 223, 334, 593, 169]
;Karpe16@nexus.ngo;amsterdam, new york, usa;Gotam Karpe;208!#$69y40;563;[547, 268, 164, 23, 86]
15.0;Kirti2018@omega.in;franksville, wisconsin, usa;Kirti Divan;&9r5qPU@3d!;564;[389, 578, 394, 496, 318]
48.0;Kalinda95@corporation.xyz;franklin, tennessee, usa;Kalinda Natarajan;0^86v983&2;565;[369, 9, 245, 528, 83]
;Bhavani10@company.us;springfield, illinois, usa;Bhavani Bandi;hdmn^u$Y@uq;566;[300, 263, 515, 389, 122]
;Jagdish2008@yahoo.us;spokane, washington, usa;Jagdish Bahri;!SwRNZY8p;567;[206, 209, 481, 76, 328]
;Kalidasa2006@yahoo.edu;alexandria, alexandria, egypt;Kalidasa Subramaniam;62@1000N%X;568;[254, 517, 450, 173, 57]
28.0;Mandeep07@online.org;lahore, punjab, pakistan;Mandeep Sen;^BeG1yRbu;569;[513, 258, 575, 442, 384]
;Jyotsana1991@online.org;grand rapids, michigan, usa;Jyotsana Bansal;4$36&28w^33;570;[22, 92, 461, 366, 379]
23.0;Kesaven1999@finance.co;diemen, n/a, netherlands;Kesaven Chaudhuri;$HWZuhyQr;571;[226, 36, 300, 381, 505]
23.0;Loyal04@online.in;gabes, gabes, tunisia;Gauri Loyal;&55158&596;572;[465, 255, 451, 485, 48]
31.0;Dayaram88@yahoo.de;cairo, connecticut, egypt;Dayaram Oommen;61992w8!#4;573;[525, 10, 374, 293, 292]
33.0;Maninder2010@corporation.jp;terrassa, catalunya, spain;Maninder Chauhan;c0@^Iy333@2;574;[484, 39, 97, 396, 506]
23.0;Anil1987@corporation.uk;gaia, douro litoral, portugal;Anil Gandhi;xZ$&Ajpv6h;575;[448, 72, 51, 379, 572]
35.0;Singhal30@company.de;bern, prince edward island, switzerland;Devdas Singhal;85971!97#2;576;[39, 423, 2, 239, 303]
;Dixit27@finance.biz;andimeshk, khozestan, iran;Narayana Dixit;MI!Aqp#4mC;577;[119, 419, 102, 64, 434]
;Anantha1998@nexus.me;parksville, british columbia, canada;Anantha Dar;46lYGg^4n;578;[348, 463, 536, 112, 126]
29.0;Ajay1990@community.au;tiruchirapalli, n/a, india;Ajay Prabhakar;46GO%1799;579;[41, 162, 375, 505, 96]
22.0;Sankaran20@corporation.zero;logroÃ±o, la rioja, spain;Kajal Sankaran;n!91%9T6^39;580;[57, 567, 331, 211, 72]
45.0;Anish12@gmail.org;zaragoza, aragÃ³n, spain;Anish Raj;za14s60*c;581;[378, 559, 540, 143, 179]
56.0;Jyotsana15@hotmail.de;adelaide, south australia, australia;Jyotsana Kannan;#zfKC0^dCY%;582;[274, 111, 378, 34, 152]
19.0;Krishna99@gmail.de;tashkent, uzbekistan, uzbekistan;Krishna Goda;W@$s89a770;583;[376, 263, 103, 227, 325]
23.0;Loke15@online.uk;doha, doha, qatar;Krishna Loke;8hl@Yg%17g;584;[277, 553, 482, 578, 80]
;Manju80@institute.dev;milano, lombardia, italy;Manju Pal;6484$70594;585;[475, 130, 243, 345, 159]
26.0;Itesh1982@institute.me;kuala-lumpur, selangor, malaysia;Itesh Comar;8bJw50%97^;586;[84, 298, 379, 460, 53]
;Gopinatha87@finance.jp;bologna, bologna, italy;Gopinatha Pillai;4498L754^;587;[492, 372, 257, 5, 26]
60.0;Samra24@express.tech;roseville, minnesota, usa;Jayendra Samra;nC2H3%E&5j;588;[405, 598, 156, 488, 334]
;Sagar27@gmail.biz;gassino torinese, piemonte, italy;Diti Sagar;1*0553578;589;[331, 36, 228, 338, 53]
;Narayan17@gmail.org;mÃ¼nster, n/a, germany;Narayan Walia;VQE5$#20*YT;590;[10, 556, 159, 563, 409]
42.0;Drupada1985@gmail.de;miami beach, florida, usa;Drupada Tata;92jHHx#2P;591;[596, 398, 172, 496, 577]
;Karishma90@institute.zero;boston, massachusetts, usa;Karishma Narayanan;8CSC^b$Fjs%;592;[13, 464, 456, 461, 84]
28.0;Brijesha2016@nexus.au;port hawkesbury, nova scotia, canada;Brijesha Kalita;6$02w3G1V;593;[493, 258, 490, 66, 471]
;Indu2016@omega.us;london, england, united kingdom;Indu Desai;vwMUTR^T&P^;594;[342, 453, 155, 514, 431]
17.0;Leela1996@online.co;hollywood, florida, usa;Leela Kothari;#28521$4^42;595;[212, 424, 27, 313, 483]
49.0;Ila1978@nexus.uk;san francisco, california, usa;Ila Narang;bE#dILSEV;596;[63, 53, 272, 44, 547]
43.0;Girisha2008@finance.org;astoria, new york, usa;Girisha Iyer;8@233!306^c;597;[33, 396, 139, 293, 542]
34.0;Pillay26@nexus.zero;raqqa, raqqa, syria;Antrija Pillay;6*3792252;598;[584, 542, 276, 533, 354]
36.0;Brinda07@omega.au;north plainfield, new jersey, usa;Brinda Krishnan;69S3W*N&B5;599;[434, 9, 16, 2, 541]
